nflId,displayName_x,position,totalTackles,pff_missedTackle,assists,displayName_y,club,side,within_1_yard,within_3_yards,within_5_yards,totalPlays
46091,Rashaan Evans,ILB,45,6,39,Rashaan Evans,ATL,Defense,96,70,90,355
46304,Zaire Franklin,OLB,55,12,28,Zaire Franklin,IND,Defense,83,65,83,335
43325,Myles Jack,ILB,41,6,26,Myles Jack,PIT,Defense,67,48,63,278
42388,Eric Kendricks,ILB,41,10,24,Eric Kendricks,MIN,Defense,66,52,72,291
41243,C.J. Mosley,ILB,55,8,32,C.J. Mosley,NYJ,Defense,66,71,70,313
54492,Devin Lloyd,ILB,34,12,32,Devin Lloyd,JAX,Defense,66,69,78,314
44888,Alex Anzalone,ILB,37,4,24,Alex Anzalone,DET,Defense,64,56,78,286
47913,Drue Tranquill,ILB,43,13,20,Drue Tranquill,LAC,Defense,63,41,68,262
48516,T.J. Edwards,ILB,49,8,25,T.J. Edwards,PHI,Defense,63,53,63,269
45345,Nicholas Morrow,OLB,40,10,19,Nicholas Morrow,CHI,Defense,63,61,81,312
46139,Fred Warner,ILB,33,3,21,Fred Warner,SF,Defense,63,53,52,249
46077,Roquan Smith,ILB,50,7,32,Roquan Smith,CHI,Defense,63,57,72,293
46085,Tremaine Edmunds,ILB,39,5,23,Tremaine Edmunds,BUF,Defense,63,47,58,240
43404,De'Vondre Campbell,ILB,37,9,26,De'Vondre Campbell,GB,Defense,62,44,68,263
42427,Jordan Hicks,ILB,54,5,20,Jordan Hicks,MIN,Defense,62,40,66,261
44848,Budda Baker,SS,44,11,26,Budda Baker,ARI,Defense,62,50,84,332
46269,Foyesade Oluokun,ILB,59,11,26,Foyesade Oluokun,JAX,Defense,62,69,76,323
52527,Mykal Walker,ILB,43,7,25,Mykal Walker,ATL,Defense,61,61,76,307
53489,Pete Werner,OLB,51,8,22,Pete Werner,NO,Defense,60,51,62,266
47855,Germaine Pratt,OLB,26,7,31,Germaine Pratt,CIN,Defense,60,43,48,223
46088,Leighton Vander Esch,OLB,34,3,25,Leighton Vander Esch,DAL,Defense,60,55,64,265
47788,Devin White,ILB,36,6,27,Devin White,TB,Defense,59,55,86,325
53487,Nick Bolton,ILB,46,2,23,Nick Bolton,KC,Defense,58,54,63,283
53445,Zaven Collins,OLB,39,13,24,Zaven Collins,ARI,Defense,58,58,82,324
53448,Jamin Davis,OLB,30,7,13,Jamin Davis,WAS,Defense,57,40,60,242
38577,Bobby Wagner,ILB,40,1,23,Bobby Wagner,LA,Defense,57,51,75,284
46188,Kyzir White,ILB,30,7,23,Kyzir White,PHI,Defense,56,36,47,203
54502,Jalen Pitre,FS,34,19,20,Jalen Pitre,HOU,Defense,56,47,81,270
47872,Bobby Okereke,ILB,48,4,23,Bobby Okereke,IND,Defense,55,64,67,283
47956,Cole Holcomb,ILB,38,4,32,Cole Holcomb,WAS,Defense,55,46,59,232
54487,Quay Walker,ILB,35,5,22,Quay Walker,GB,Defense,55,41,49,236
47871,Cody Barton,MLB,34,3,22,Cody Barton,SEA,Defense,55,44,49,234
41300,Christian Kirksey,OLB,34,6,20,Christian Kirksey,HOU,Defense,55,54,71,274
46086,Derwin James,FS,37,5,30,Derwin James,LAC,Defense,55,52,64,285
52435,Jordyn Brooks,ILB,61,10,23,Jordyn Brooks,SEA,Defense,55,64,82,323
52436,Patrick Queen,ILB,39,9,14,Patrick Queen,BAL,Defense,54,60,63,273
53509,Divine Deablo,OLB,39,7,34,Divine Deablo,LV,Defense,53,55,58,267
46212,Ja'Whaun Bentley,ILB,18,2,31,Ja'Whaun Bentley,NE,Defense,52,47,57,229
38607,Demario Davis,MLB,25,6,18,Demario Davis,NO,Defense,51,52,84,309
42368,Shaq Thompson,ILB,38,9,28,Shaq Thompson,CAR,Defense,51,76,69,312
43503,Elandon Roberts,ILB,25,9,26,Elandon Roberts,MIA,Defense,51,52,53,210
47891,Julian Love,SS,31,3,23,Julian Love,NYG,Defense,50,37,61,235
52473,Logan Wilson,ILB,35,2,16,Logan Wilson,CIN,Defense,50,46,63,274
52431,Kenneth Murray,ILB,27,5,10,Kenneth Murray,LAC,Defense,48,30,52,193
49410,Jalen Thompson,FS,43,2,13,Jalen Thompson,ARI,Defense,48,54,90,335
52452,Grant Delpit,SS,33,5,14,Grant Delpit,CLE,Defense,48,45,61,259
38588,Lavonte David,ILB,37,1,23,Lavonte David,TB,Defense,48,55,85,325
43353,Kevin Byard,FS,34,3,22,Kevin Byard,TEN,Defense,48,33,66,283
43350,Vonn Bell,SS,31,5,6,Vonn Bell,CIN,Defense,48,53,79,315
47971,David Long,ILB,35,9,26,David Long,TEN,Defense,47,58,76,282
42929,Alex Singleton,OLB,38,8,24,Alex Singleton,DEN,Defense,45,37,41,188
44999,Chuck Clark,SS,37,6,17,Chuck Clark,BAL,Defense,45,38,77,294
54653,Malcolm Rodriguez,ILB,32,6,11,Malcolm Rodriguez,DET,Defense,44,39,51,208
47882,Mike Edwards,FS,31,10,21,Mike Edwards,TB,Defense,44,43,74,288
46669,Jonathan Owens,FS,45,7,19,Jonathan Owens,HOU,Defense,43,50,64,256
53532,Ernest Jones,ILB,30,4,24,Ernest Jones,LA,Defense,43,44,41,207
46259,DeShon Elliott,FS,39,4,12,DeShon Elliott,DET,Defense,43,36,56,251
52663,Tae Crowder,ILB,22,11,14,Tae Crowder,NYG,Defense,42,44,52,206
44957,Grover Stewart,DT,31,3,14,Grover Stewart,IND,Defense,42,46,68,252
54513,Jaquan Brisker,SS,37,11,14,Jaquan Brisker,CHI,Defense,42,53,81,312
52546,L'Jarius Sneed,CB,40,6,14,L'Jarius Sneed,KC,Defense,41,38,75,289
44926,Rayshawn Jenkins,SS,35,16,17,Rayshawn Jenkins,JAX,Defense,41,46,74,319
47931,Dre Greenlaw,ILB,30,4,18,Dre Greenlaw,SF,Defense,41,43,46,205
46123,Jessie Bates,FS,23,4,15,Jessie Bates,CIN,Defense,41,46,75,313
46142,Jerome Baker,ILB,35,7,14,Jerome Baker,MIA,Defense,41,55,73,296
52505,Jacob Phillips,MLB,27,6,16,Jacob Phillips,CLE,Defense,41,42,43,173
46138,B.J. Hill,DT,14,1,19,B.J. Hill,CIN,Defense,40,41,64,257
47810,Johnathan Abram,SS,36,9,12,Johnathan Abram,LV,Defense,40,37,65,247
52478,Brandon Jones,SS,24,6,23,Brandon Jones,MIA,Defense,39,36,45,188
43497,Kamu Grugier-Hill,ILB,28,6,10,Kamu Grugier-Hill,HOU,Defense,39,28,42,185
43298,Leonard Floyd,DE,13,2,18,Leonard Floyd,LA,Defense,39,32,60,235
53469,Richie Grant,SS,39,8,22,Richie Grant,ATL,Defense,39,64,100,360
43296,DeForest Buckner,DT,15,1,18,DeForest Buckner,IND,Defense,39,32,63,243
47793,Devin Bush,ILB,25,1,18,Devin Bush,PIT,Defense,39,43,58,220
53641,Damar Hamlin,SS,38,6,12,Damar Hamlin,BUF,Defense,38,30,51,212
52416,Isaiah Simmons,DB,28,6,12,Isaiah Simmons,ARI,Defense,38,37,56,231
47790,Josh Allen,OLB,11,4,9,Josh Allen,JAX,Defense,38,32,63,260
46175,Josey Jewell,ILB,19,5,16,Josey Jewell,DEN,Defense,38,20,32,129
52542,Jaylinn Hawkins,FS,28,6,19,Jaylinn Hawkins,ATL,Defense,38,38,75,285
46307,Zach Sieler,DT,16,5,13,Zach Sieler,MIA,Defense,38,32,59,236
52706,Jonas Griffith,ILB,24,5,17,Jonas Griffith,DEN,Defense,37,31,49,190
52415,Derrick Brown,DE,20,2,22,Derrick Brown,CAR,Defense,37,37,64,247
41235,Anthony Barr,OLB,18,3,13,Anthony Barr,DAL,Defense,37,39,54,204
37104,Cameron Heyward,DT,17,1,13,Cameron Heyward,PIT,Defense,37,39,60,217
45004,Xavier Woods,FS,28,3,20,Xavier Woods,CAR,Defense,36,45,69,323
47796,Christian Wilkins,DT,23,2,17,Christian Wilkins,MIA,Defense,36,45,62,250
46080,Minkah Fitzpatrick,FS,26,2,17,Minkah Fitzpatrick,PIT,Defense,36,36,60,269
46135,Lorenzo Carter,OLB,13,3,11,Lorenzo Carter,ATL,Defense,36,38,77,301
54504,Kyler Gordon,CB,35,9,10,Kyler Gordon,CHI,Defense,35,40,76,311
42116,Adrian Phillips,SS,23,3,17,Adrian Phillips,NE,Defense,35,38,54,204
46190,Taron Johnson,CB,34,6,13,Taron Johnson,BUF,Defense,35,42,59,264
44991,Davon Godchaux,NT,12,2,18,Davon Godchaux,NE,Defense,35,36,59,196
40074,William Gholston,DE,11,1,12,William Gholston,TB,Defense,35,26,44,162
47974,Marcus Epps,SS,32,8,13,Marcus Epps,PHI,Defense,35,39,65,275
46527,Frankie Luvu,ILB,33,12,11,Frankie Luvu,CAR,Defense,34,54,66,251
42467,Kwon Alexander,OLB,25,4,16,Kwon Alexander,NYJ,Defense,34,31,48,190
44903,John Johnson,FS,29,9,9,John Johnson,CLE,Defense,34,42,65,258
47889,Maxx Crosby,DE,26,8,14,Maxx Crosby,LV,Defense,34,33,65,283
52624,Kamren Curl,SS,32,1,13,Kamren Curl,WAS,Defense,34,45,62,241
54466,Travon Walker,OLB,15,7,15,Travon Walker,JAX,Defense,34,40,70,270
44925,Eddie Jackson,SS,45,10,19,Eddie Jackson,CHI,Defense,33,47,77,310
35459,Kareem Jackson,SS,28,9,23,Kareem Jackson,DEN,Defense,33,44,66,303
47881,Quincy Williams,OLB,35,9,13,Quincy Williams,NYJ,Defense,33,35,50,195
52446,Yetur Gross-Matos,OLB,13,1,15,Yetur Gross-Matos,CAR,Defense,33,42,68,244
46711,Ryan Neal,SS,24,3,6,Ryan Neal,SEA,Defense,32,24,54,193
52497,Cameron Dantzler,CB,39,3,4,Cameron Dantzler,MIN,Defense,32,26,57,251
53554,Camryn Bynum,FS,21,2,13,Camryn Bynum,MIN,Defense,32,47,68,295
47826,Jahlani Tavai,ILB,14,0,15,Jahlani Tavai,NE,Defense,32,43,46,176
46082,Daron Payne,DT,10,4,20,Daron Payne,WAS,Defense,31,33,68,267
46521,Ben Niemann,ILB,14,1,8,Ben Niemann,ARI,Defense,31,29,36,129
46264,Sebastian Joseph,NT,13,4,15,Sebastian Joseph,LAC,Defense,31,31,56,206
42488,Bobby McCain,FS,28,7,14,Bobby McCain,WAS,Defense,31,37,68,287
52481,Davon Hamilton,DT,16,3,15,Davon Hamilton,JAX,Defense,30,36,47,193
43335,A'Shawn Robinson,DT,16,3,18,A'Shawn Robinson,LA,Defense,30,29,52,190
44944,Deatrich Wise,DE,15,2,12,Deatrich Wise,NE,Defense,30,43,68,240
53577,Ta'Quon Graham,DE,13,4,15,Ta'Quon Graham,ATL,Defense,30,35,56,228
53609,Talanoa Hufanga,SS,28,11,12,Talanoa Hufanga,SF,Defense,30,41,58,239
44854,Marcus Williams,FS,25,1,7,Marcus Williams,BAL,Defense,29,19,39,158
48259,Darius Harris,ILB,19,2,11,Darius Harris,KC,Defense,29,22,35,133
47843,Nasir Adderley,FS,21,2,8,Nasir Adderley,LAC,Defense,29,37,56,247
47844,Taylor Rapp,FS,20,3,18,Taylor Rapp,LA,Defense,29,27,56,217
44964,Desmond King,CB,27,5,7,Desmond King,HOU,Defense,29,36,47,186
47854,Dre'Mont Jones,DE,14,4,11,Dre'Mont Jones,DEN,Defense,29,27,52,233
45287,Kenny Moore,CB,30,5,11,Kenny Moore,IND,Defense,29,42,76,333
42485,Adrian Amos,FS,29,5,12,Adrian Amos,GB,Defense,29,42,68,285
48544,Shy Tuttle,DT,12,1,9,Shy Tuttle,NO,Defense,29,37,47,182
54500,Roger McCreary,CB,42,6,8,Roger McCreary,TEN,Defense,29,37,67,293
41915,Shaquil Barrett,OLB,16,2,11,Shaquil Barrett,TB,Defense,29,25,50,209
46083,Marcus Davenport,DE,9,1,8,Marcus Davenport,NO,Defense,29,23,43,168
43533,Jayron Kearse,FS,21,2,11,Jayron Kearse,DAL,Defense,28,22,42,168
47809,Montez Sweat,DE,13,1,11,Montez Sweat,WAS,Defense,28,36,61,211
52852,Myles Hartsfield,FS,39,6,10,Myles Hartsfield,CAR,Defense,28,47,74,301
53462,Tyson Campbell,CB,31,6,10,Tyson Campbell,JAX,Defense,28,28,58,321
52444,Xavier McKinney,FS,24,3,14,Xavier McKinney,NYG,Defense,28,39,62,255
42401,Markus Golden,OLB,13,2,13,Markus Golden,ARI,Defense,28,30,51,221
42470,Damien Wilson,MLB,16,4,10,Damien Wilson,CAR,Defense,28,24,28,123
47863,Sione Takitaki,OLB,17,1,17,Sione Takitaki,CLE,Defense,28,34,40,162
54574,Coby Bryant,CB,29,8,8,Coby Bryant,SEA,Defense,27,23,49,198
46097,Terrell Edmunds,SS,19,5,12,Terrell Edmunds,PIT,Defense,27,43,61,268
46137,Justin Reid,SS,24,9,11,Justin Reid,KC,Defense,27,37,70,286
53441,Micah Parsons,OLB,19,2,9,Micah Parsons,DAL,Defense,27,38,57,251
47799,Brian Burns,OLB,16,7,15,Brian Burns,CAR,Defense,27,33,67,294
38559,Harrison Smith,SS,36,2,7,Harrison Smith,MIN,Defense,27,26,58,241
46146,Sam Hubbard,DE,20,5,13,Sam Hubbard,CIN,Defense,27,49,69,262
47996,Donovan Wilson,SS,41,13,13,Donovan Wilson,DAL,Defense,27,52,74,276
52471,Willie Gay,OLB,15,6,13,Willie Gay,KC,Defense,27,15,30,110
43306,Keanu Neal,FS,25,8,11,Keanu Neal,TB,Defense,27,27,51,177
43316,Kenny Clark,NT,13,1,18,Kenny Clark,GB,Defense,27,40,62,254
47848,Zach Allen,DE,14,1,18,Zach Allen,ARI,Defense,27,35,69,272
47802,Jeffery Simmons,DT,10,5,12,Jeffery Simmons,TEN,Defense,26,37,55,229
41263,Demarcus Lawrence,DE,20,5,11,Demarcus Lawrence,DAL,Defense,26,30,47,184
44851,Marcus Maye,FS,23,4,9,Marcus Maye,NO,Defense,26,34,44,210
54503,Arnold Ebiketie,OLB,12,2,6,Arnold Ebiketie,ATL,Defense,26,30,51,204
44829,Jonathan Allen,DT,17,3,9,Jonathan Allen,WAS,Defense,26,42,64,251
44827,Malik Hooker,FS,27,2,10,Malik Hooker,DAL,Defense,26,38,58,228
43426,Dean Lowry,DE,17,1,10,Dean Lowry,GB,Defense,26,31,41,195
46211,D.J. Reed,CB,34,5,6,D.J. Reed,NYJ,Defense,26,21,52,318
38843,Rodney McLeod,FS,25,2,13,Rodney McLeod,IND,Defense,26,40,63,277
48026,Nick Scott,SS,21,9,13,Nick Scott,LA,Defense,26,60,83,276
46153,Justin Jones,DT,12,2,8,Justin Jones,CHI,Defense,26,27,55,206
53601,Deommodore Lenoir,CB,15,5,10,Deommodore Lenoir,SF,Defense,25,24,44,184
52515,Akeem Davis-Gaither,OLB,21,0,10,Akeem Davis-Gaither,CIN,Defense,25,20,22,90
46186,Jordan Whitehead,SS,27,10,19,Jordan Whitehead,NYJ,Defense,25,54,76,315
52424,A.J. Terrell,CB,19,8,9,A.J. Terrell,ATL,Defense,25,28,54,218
44887,Duke Riley,ILB,17,2,11,Duke Riley,MIA,Defense,25,22,24,98
42441,Steven Nelson,CB,25,9,7,Steven Nelson,HOU,Defense,25,38,63,289
53494,Andre Cisco,SS,32,6,14,Andre Cisco,JAX,Defense,25,44,78,321
46074,Bradley Chubb,OLB,11,6,11,Bradley Chubb,DEN,Defense,25,30,54,213
47877,Jamel Dean,CB,27,0,8,Jamel Dean,TB,Defense,25,17,50,325
35466,Devin McCourty,FS,36,3,9,Devin McCourty,NE,Defense,25,39,67,276
40039,Duron Harmon,SS,24,6,12,Duron Harmon,LV,Defense,25,35,64,280
40017,Tyrann Mathieu,FS,27,8,13,Tyrann Mathieu,NO,Defense,25,56,67,309
54523,Troy Andersen,ILB,14,6,13,Troy Andersen,ATL,Defense,25,20,25,105
37308,Lawrence Guy,DT,8,0,11,Lawrence Guy,NE,Defense,25,23,26,123
43299,Eli Apple,CB,14,6,7,Eli Apple,CIN,Defense,24,25,53,244
43301,Sheldon Rankins,DT,13,4,8,Sheldon Rankins,NYJ,Defense,24,26,50,176
42390,Eric Rowe,SS,21,4,6,Eric Rowe,MIA,Defense,24,16,21,96
44938,Samson Ebukam,DE,11,3,10,Samson Ebukam,SF,Defense,24,25,42,169
52445,Kyle Dugger,FS,16,2,7,Kyle Dugger,NE,Defense,24,18,36,128
37778,Josh Bynes,ILB,18,3,10,Josh Bynes,BAL,Defense,24,34,38,156
43435,Matt Judon,OLB,8,1,14,Matt Judon,NE,Defense,24,31,54,203
47804,Darnell Savage,SS,23,9,7,Darnell Savage,GB,Defense,24,48,67,308
43411,Andrew Billings,DT,6,4,12,Andrew Billings,LV,Defense,24,33,48,184
46214,Bilal Nichols,DT,5,3,11,Bilal Nichols,LV,Defense,24,24,52,205
53481,Jeremiah Owusu-Koramoah,OLB,26,8,14,Jeremiah Owusu-Koramoah,CLE,Defense,24,37,47,166
47964,Jaquan Johnson,FS,11,4,13,Jaquan Johnson,BUF,Defense,24,22,29,123
47888,Chauncey Gardner-Johnson,SS,36,10,5,Chauncey Gardner-Johnson,PHI,Defense,24,42,57,264
37097,Cameron Jordan,DE,18,6,13,Cameron Jordan,NO,Defense,23,41,57,219
47795,Rashan Gary,OLB,13,4,11,Rashan Gary,GB,Defense,23,26,55,220
53465,Jevon Holland,FS,40,5,9,Jevon Holland,MIA,Defense,23,46,78,311
48476,Nik Needham,CB,15,1,6,Nik Needham,MIA,Defense,23,18,35,158
41239,Aaron Donald,DT,13,1,16,Aaron Donald,LA,Defense,23,28,54,249
45643,Dylan Cole,ILB,14,6,10,Dylan Cole,TEN,Defense,23,23,29,119
46117,Uchenna Nwosu,OLB,18,6,15,Uchenna Nwosu,SEA,Defense,23,36,67,255
47947,E.J. Speed,OLB,18,0,11,E.J. Speed,IND,Defense,23,23,28,109
44873,Josh Jones,FS,20,7,4,Josh Jones,SEA,Defense,23,26,39,175
43333,Jihad Ward,OLB,15,3,7,Jihad Ward,NYG,Defense,23,24,48,178
47816,Byron Murphy,CB,29,3,6,Byron Murphy,ARI,Defense,23,28,70,336
46456,Darious Williams,CB,14,9,11,Darious Williams,JAX,Defense,23,28,51,234
47846,Juan Thornhill,FS,22,6,9,Juan Thornhill,KC,Defense,23,42,70,290
43441,Matt Ioannidis,DT,5,4,13,Matt Ioannidis,CAR,Defense,23,34,59,239
46902,Robert Spillane,ILB,12,2,11,Robert Spillane,PIT,Defense,23,29,34,138
53447,Jaelan Phillips,OLB,13,10,13,Jaelan Phillips,MIA,Defense,23,37,53,229
54708,Jaylen Watson,CB,23,7,5,Jaylen Watson,KC,Defense,22,21,39,212
42030,K'Waun Williams,CB,22,4,7,K'Waun Williams,DEN,Defense,22,22,43,197
43387,Justin Simmons,FS,14,6,9,Justin Simmons,DEN,Defense,22,21,40,164
44976,Matt Milano,OLB,31,6,6,Matt Milano,BUF,Defense,22,39,54,233
41270,Lamarcus Joyner,SS,16,6,18,Lamarcus Joyner,NYJ,Defense,22,38,66,318
54505,Boye Mafe,OLB,16,1,5,Boye Mafe,SEA,Defense,22,17,30,137
53542,Derrick Barnes,ILB,13,4,10,Derrick Barnes,DET,Defense,22,13,18,77
46194,Avonte Maddox,CB,15,7,10,Avonte Maddox,PHI,Defense,22,21,38,165
47973,Armon Watts,NT,12,2,10,Armon Watts,CHI,Defense,22,20,37,140
38542,Fletcher Cox,DT,6,1,10,Fletcher Cox,PHI,Defense,22,25,42,170
44828,Marlon Humphrey,CB,20,4,10,Marlon Humphrey,BAL,Defense,22,32,63,282
53592,Darrick Forrest,SS,26,2,10,Darrick Forrest,WAS,Defense,22,33,53,203
54469,Ahmad Gardner,CB,31,4,13,Ahmad Gardner,NYJ,Defense,22,38,67,311
52479,Justin Madubuike,DT,8,3,11,Justin Madubuike,BAL,Defense,22,25,46,177
46099,Mike Hughes,CB,12,1,9,Mike Hughes,DET,Defense,22,16,30,139
43797,Cory Littleton,OLB,14,4,12,Cory Littleton,CAR,Defense,22,26,38,137
54936,Kader Kohou,CB,33,5,3,Kader Kohou,MIA,Defense,21,29,48,187
52506,Malik Harrison,OLB,15,4,8,Malik Harrison,BAL,Defense,21,27,33,133
47941,Michael Jackson,CB,35,5,2,Michael Jackson,SEA,Defense,21,30,60,300
47938,Mack Wilson,OLB,8,5,12,Mack Wilson,NE,Defense,21,15,16,83
47917,Greg Gaines,NT,4,2,10,Greg Gaines,LA,Defense,21,30,53,220
46132,Carlton Davis,CB,30,4,6,Carlton Davis,TB,Defense,21,21,43,220
53611,Adetokunbo Ogundeji,OLB,6,7,10,Adetokunbo Ogundeji,ATL,Defense,21,26,35,162
46165,Harrison Phillips,DT,9,1,11,Harrison Phillips,MIN,Defense,21,28,45,197
53596,Nate Hobbs,CB,29,4,8,Nate Hobbs,LV,Defense,21,26,34,179
52496,Jordan Elliott,DT,7,3,6,Jordan Elliott,CLE,Defense,21,34,51,188
46197,Kentavius Street,DT,6,1,5,Kentavius Street,NO,Defense,21,26,34,143
47786,Quinnen Williams,NT,14,2,10,Quinnen Williams,NYJ,Defense,21,35,57,209
53476,Asante Samuel,CB,25,4,3,Asante Samuel,LAC,Defense,21,15,51,285
33131,Calais Campbell,DE,8,4,10,Calais Campbell,BAL,Defense,21,27,35,176
42560,Rakeem Nunez-Roches,NT,9,1,8,Rakeem Nunez-Roches,TB,Defense,21,34,45,177
43323,Jaylon Smith,MLB,15,1,10,Jaylon Smith,NYG,Defense,21,26,28,110
41595,Mike Pennel,NT,8,1,3,Mike Pennel,CHI,Defense,21,15,29,107
43373,Kendall Fuller,CB,25,2,7,Kendall Fuller,WAS,Defense,21,31,62,301
42431,Danielle Hunter,OLB,20,6,9,Danielle Hunter,MIN,Defense,21,30,62,243
38868,Tashaun Gipson,FS,22,0,5,Tashaun Gipson,SF,Defense,21,36,55,250
42480,Grady Jarrett,DT,13,2,12,Grady Jarrett,ATL,Defense,20,39,65,274
53460,Odafe Oweh,OLB,16,5,8,Odafe Oweh,BAL,Defense,20,29,54,211
43378,Javon Hargrave,DT,15,3,5,Javon Hargrave,PHI,Defense,20,27,38,170
53504,Osa Odighizuwa,DT,11,2,6,Osa Odighizuwa,DAL,Defense,20,34,42,178
46205,Marquis Haynes,OLB,6,1,7,Marquis Haynes,CAR,Defense,20,21,37,145
43356,Maliek Collins,DT,7,0,5,Maliek Collins,HOU,Defense,20,16,30,117
53583,Michael Carter,CB,25,4,4,Michael Carter,NYJ,Defense,20,27,47,189
43757,Andrew Adams,SS,20,3,7,Andrew Adams,TEN,Defense,20,16,33,150
43787,Roy Robertson-Harris,DT,15,4,11,Roy Robertson-Harris,JAX,Defense,20,28,53,214
54468,Derek Stingley,CB,29,3,8,Derek Stingley,HOU,Defense,20,30,59,287
54560,Zach Carter,DT,9,4,9,Zachary Carter,CIN,Defense,20,24,39,153
46098,Taven Bryan,DT,5,2,6,Taven Bryan,CLE,Defense,20,18,36,149
35562,Al Woods,NT,13,1,9,Al Woods,SEA,Defense,20,16,33,129
44830,Adoree' Jackson,CB,33,7,8,Adoree' Jackson,NYG,Defense,20,27,48,242
52522,Leki Fotu,DT,8,2,10,Leki Fotu,ARI,Defense,20,23,40,148
46757,Charvarius Ward,CB,25,0,9,Charvarius Ward,SF,Defense,20,21,42,218
42543,Quandre Diggs,FS,26,7,13,Quandre Diggs,SEA,Defense,20,35,68,323
47867,Khalen Saunders,DT,13,1,13,Khalen Saunders,KC,Defense,20,17,23,100
52578,Broderick Washington,DT,12,3,9,Broderick Washington,BAL,Defense,20,25,36,138
48089,Malik Reed,OLB,7,2,10,Malik Reed,PIT,Defense,20,27,50,179
40171,Nicholas Williams,DT,5,1,11,Nicholas Williams,NYG,Defense,20,17,35,129
52464,Raekwon Davis,NT,7,1,12,Raekwon Davis,MIA,Defense,20,25,38,173
52469,Kristian Fulton,CB,22,9,11,Kristian Fulton,TEN,Defense,19,23,50,256
52453,Antoine Winfield,FS,33,1,4,Antoine Winfield,TB,Defense,19,44,64,249
54495,George Karlaftis,DE,8,5,8,George Karlaftis,KC,Defense,19,22,51,206
54467,Aidan Hutchinson,DE,6,3,7,Aidan Hutchinson,DET,Defense,19,24,62,255
53437,Jaycee Horn,CB,17,5,9,Jaycee Horn,CAR,Defense,19,29,56,262
42331,Efe Obada,DE,4,4,8,Efe Obada,WAS,Defense,19,18,32,122
41341,DaQuan Jones,DT,8,2,8,DaQuan Jones,BUF,Defense,19,21,47,175
43420,Blake Martinez,ILB,14,2,6,Blake Martinez,LV,Defense,19,9,17,74
47800,Dexter Lawrence,DT,12,5,12,Dexter Lawrence,NYG,Defense,19,36,58,216
43338,Jarran Reed,DT,16,2,11,Jarran Reed,GB,Defense,19,38,55,217
41464,Shelby Harris,DE,10,4,9,Shelby Harris,SEA,Defense,19,16,31,145
52637,James Smith-Williams,DE,8,2,8,James Smith-Williams,WAS,Defense,19,24,44,171
46652,Chandon Sullivan,CB,19,3,8,Chandon Sullivan,MIN,Defense,19,24,50,232
39984,Darius Slay,CB,16,4,8,Darius Slay,PHI,Defense,19,22,48,237
42381,Preston Smith,OLB,15,8,10,Preston Smith,GB,Defense,19,42,60,254
45395,Arthur Maulet,CB,17,7,10,Arthur Maulet,PIT,Defense,19,24,44,165
44974,Anthony Walker,MLB,7,2,7,Anthony Walker,CLE,Defense,19,11,13,59
45008,Tanner Vallejo,ILB,9,1,4,Tanner Vallejo,ARI,Defense,19,19,24,93
53467,Christian Barmore,DT,7,0,5,Christian Barmore,NE,Defense,18,15,30,100
54488,Kaiir Elam,CB,24,6,11,Kaiir Elam,BUF,Defense,18,24,43,210
53450,Kwity Paye,DE,14,2,5,Kwity Paye,IND,Defense,18,22,37,154
44866,Raekwon McMillan,ILB,10,1,5,Raekwon McMillan,NE,Defense,18,11,15,65
48198,Bryan Mone,NT,10,2,6,Bryan Mone,SEA,Defense,18,20,33,113
41231,Khalil Mack,OLB,15,3,5,Khalil Mack,LAC,Defense,18,33,61,235
46487,Poona Ford,DE,12,1,4,Poona Ford,SEA,Defense,18,32,42,183
43294,Jalen Ramsey,CB,26,3,7,Jalen Ramsey,LA,Defense,18,24,53,278
54643,John Ridgeway,DT,3,1,4,John Ridgeway,WAS,Defense,18,14,21,80
47817,Rock Ya-Sin,CB,24,5,7,Rock Ya-Sin,LV,Defense,18,26,49,250
43351,James Bradberry,CB,20,6,3,James Bradberry,PHI,Defense,18,25,53,275
45571,Michael Davis,CB,18,2,7,Michael Davis,LAC,Defense,18,16,35,153
43436,Quinton Jefferson,DE,5,1,7,Quinton Jefferson,SEA,Defense,18,18,40,170
44837,Jabrill Peppers,SS,16,1,11,Jabrill Peppers,NE,Defense,18,26,27,111
46081,Vita Vea,NT,7,1,13,Vita Vea,TB,Defense,18,31,47,195
55173,Timmy Horne,DT,4,1,5,Timmy Horne,ATL,Defense,18,17,30,108
43409,David Onyemata,DT,8,4,4,David Onyemata,NO,Defense,18,32,48,184
44968,Jayon Brown,OLB,17,2,5,Jayon Brown,LV,Defense,18,27,36,122
46185,Dorance Armstrong,DE,5,2,6,Dorance Armstrong,DAL,Defense,18,24,37,149
45009,Al-Quadin Muhammad,DE,7,4,11,Al-Quadin Muhammad,CHI,Defense,18,31,45,205
43478,Anthony Brown,CB,25,9,9,Anthony Brown,DAL,Defense,17,33,61,306
43326,Chris Jones,DT,6,1,4,Chris Jones,KC,Defense,17,23,50,246
52571,Kindle Vildor,CB,20,3,9,Kindle Vildor,CHI,Defense,17,26,51,244
44877,Larry Ogunjobi,DT,9,3,9,Larry Ogunjobi,PIT,Defense,17,25,45,181
46698,Levi Wallace,CB,9,2,6,Levi Wallace,PIT,Defense,17,18,39,171
47864,Will Harris,SS,16,2,7,Will Harris,DET,Defense,17,14,32,122
52627,Geno Stone,SS,21,1,2,Geno Stone,BAL,Defense,17,21,34,135
47975,Isaiah Buggs,DT,9,3,7,Isaiah Buggs,DET,Defense,17,28,50,213
52525,D.J. Wonnum,OLB,11,2,2,D.J. Wonnum,MIN,Defense,17,21,29,122
52492,Terrell Lewis,OLB,7,1,4,Terrell Lewis,LA,Defense,17,17,35,140
52510,Alex Highsmith,OLB,13,2,10,Alex Highsmith,PIT,Defense,17,26,68,276
54543,Alex Wright,DE,11,2,3,Alex Wright,CLE,Defense,17,27,36,135
44911,Rasul Douglas,CB,31,7,7,Rasul Douglas,GB,Defense,17,33,51,242
48027,Kaden Elliss,OLB,7,3,8,Kaden Elliss,NO,Defense,17,18,27,101
45011,D.J. Jones,DT,14,3,7,D.J. Jones,DEN,Defense,17,21,41,179
42935,Bryce Callahan,CB,16,4,6,Bryce Callahan,LAC,Defense,17,24,42,167
48123,Kevin Givens,DT,4,0,6,Kevin Givens,SF,Defense,17,19,32,125
47929,Amani Oruwariye,CB,25,7,6,Amani Oruwariye,DET,Defense,17,20,35,180
54478,Jordan Davis,DT,9,0,6,Jordan Davis,PHI,Defense,17,16,24,96
53501,Alim McNeill,NT,5,4,6,Alim McNeill,DET,Defense,17,32,58,217
47811,Jerry Tillery,DT,4,3,3,Jerry Tillery,LAC,Defense,17,19,35,124
42391,Denzel Perryman,ILB,26,7,12,Denzel Perryman,LV,Defense,17,31,34,146
43321,Emmanuel Ogbah,DE,6,0,4,Emmanuel Ogbah,MIA,Defense,17,22,32,162
44869,Zach Cunningham,ILB,14,3,8,Zach Cunningham,TEN,Defense,16,18,22,100
54533,Martin Emerson,CB,30,7,4,Martin Emerson,CLE,Defense,16,25,50,184
44867,Dalvin Tomlinson,DT,4,4,12,Dalvin Tomlinson,MIN,Defense,16,21,44,171
53438,Patrick Surtain,CB,20,5,6,Patrick Surtain,DEN,Defense,16,20,45,285
46199,Josh Sweat,DE,15,5,6,Josh Sweat,PHI,Defense,16,19,40,174
46204,John Franklin-Myers,DE,9,1,6,John Franklin-Myers,NYJ,Defense,16,27,42,184
43332,Austin Johnson,NT,14,4,6,Austin Johnson,LAC,Defense,16,29,45,163
44825,Haason Reddick,OLB,10,9,4,Haason Reddick,PHI,Defense,16,29,46,189
54479,Kyle Hamilton,FS,15,3,6,Kyle Hamilton,BAL,Defense,16,15,27,103
44886,Chris Wormley,DE,9,1,9,Chris Wormley,PIT,Defense,16,27,37,138
44862,Justin Evans,SS,12,3,10,Justin Evans,NO,Defense,16,18,39,151
40347,Mike Purcell,NT,10,2,12,Mike Purcell,DEN,Defense,16,27,34,142
43641,Mike Hilton,CB,27,6,8,Mike Hilton,CIN,Defense,16,32,48,206
38540,Stephon Gilmore,CB,27,4,4,Stephon Gilmore,IND,Defense,16,18,57,331
52547,Amik Robertson,CB,10,7,3,Amik Robertson,LV,Defense,16,21,35,152
35493,Carlos Dunlap,OLB,8,1,5,Carlos Dunlap,KC,Defense,16,16,28,136
53581,Caden Sterns,FS,14,5,7,Caden Sterns,DEN,Defense,16,20,32,145
46157,Oren Burks,OLB,5,0,9,Oren Burks,SF,Defense,16,13,19,61
46354,Emmanuel Moseley,CB,15,5,4,Emmanuel Moseley,SF,Defense,15,14,32,141
35470,Jerry Hughes,DE,6,7,5,Jerry Hughes,HOU,Defense,15,24,46,171
41483,Terrance Mitchell,CB,18,1,5,Terrance Mitchell,TEN,Defense,15,13,22,105
41269,Kyle Van Noy,OLB,14,2,6,Kyle Van Noy,LAC,Defense,15,30,49,186
52472,Jeremy Chinn,FS,13,5,6,Jeremy Chinn,CAR,Defense,15,21,36,129
42826,DeShawn Williams,DT,7,1,5,DeShawn Williams,DEN,Defense,15,19,40,159
44872,Chidobe Awuzie,CB,30,5,6,Chidobe Awuzie,CIN,Defense,15,23,49,267
54540,Christian Harris,ILB,11,6,2,Christian Harris,HOU,Defense,15,22,24,98
53602,Tedarrell Slaton,DT,4,4,9,Tedarrell Slaton,GB,Defense,15,15,27,105
46249,Folorunso Fatukasi,DT,9,4,6,Folorunso Fatukasi,JAX,Defense,15,19,31,124
44813,Myles Garrett,DE,5,3,6,Myles Garrett,CLE,Defense,15,9,37,185
46124,Donte Jackson,CB,28,7,2,Donte Jackson,CAR,Defense,15,17,38,222
54562,Kerby Joseph,SS,15,3,10,Kerby Joseph,DET,Defense,15,26,47,172
46133,Tyquan Lewis,DE,7,2,5,Tyquan Lewis,IND,Defense,15,25,40,159
42349,Leonard Williams,DT,11,0,7,Leonard Williams,NYG,Defense,15,19,28,129
47939,Justin Hollins,OLB,13,2,8,Justin Hollins,LA,Defense,15,28,44,156
53624,Roy Lopez,DT,5,0,6,Roy Lopez,HOU,Defense,15,20,41,145
45226,Josh Tupou,NT,4,2,7,Josh Tupou,CIN,Defense,15,20,27,111
38551,Chandler Jones,DE,11,5,5,Chandler Jones,LV,Defense,15,26,52,242
54580,Damarri Mathis,CB,24,7,3,Damarri Mathis,DEN,Defense,15,21,40,181
54582,Micheal Clemons,DE,7,0,7,Micheal Clemons,NYJ,Defense,15,13,20,83
52411,Jeff Okudah,CB,38,1,8,Jeff Okudah,DET,Defense,15,31,55,272
52417,C.J. Henderson,CB,27,3,5,C.J. Henderson,CAR,Defense,15,25,39,191
47899,Amani Hooker,FS,19,2,3,Amani Hooker,TEN,Defense,15,21,33,140
45021,Rudy Ford,SS,10,0,4,Rudy Ford,GB,Defense,15,5,12,40
42443,Angelo Blackson,DT,7,3,8,Angelo Blackson,CHI,Defense,14,22,42,165
53565,Marco Wilson,CB,26,7,10,Marco Wilson,ARI,Defense,14,25,61,304
41786,Kerry Hyder,DE,3,0,2,Kerry Hyder,SF,Defense,14,14,22,90
48482,Tyrel Dodson,MLB,7,1,4,Tyrel Dodson,BUF,Defense,14,3,11,42
53639,Victor Dimukeje,OLB,10,1,2,Victor Dimukeje,ARI,Defense,14,14,28,116
47984,Rashad Fenton,CB,17,3,6,Rashad Fenton,KC,Defense,14,20,36,176
43361,Jonathan Bullard,DE,8,0,3,Jonathan Bullard,MIN,Defense,14,17,27,118
52563,Trevis Gipson,OLB,6,1,7,Trevis Gipson,CHI,Defense,14,20,41,154
53621,Quinton Bohanna,DT,4,1,5,Quinton Bohanna,DAL,Defense,14,18,27,102
53459,Gregory Rousseau,DE,11,2,3,Gregory Rousseau,BUF,Defense,14,21,35,151
47841,Trysten Hill,DT,6,0,1,Trysten Hill,DAL,Defense,14,9,22,91
46846,Joshua Kalu,FS,9,3,10,Joshua Kalu,TEN,Defense,14,18,26,112
42465,Za'Darius Smith,OLB,11,2,4,Za'Darius Smith,MIN,Defense,14,22,43,203
53073,Teair Tart,DT,7,3,7,Teair Tart,TEN,Defense,14,20,33,136
54625,Otito Ogbonnia,DT,12,4,0,Otito Ogbonnia,LAC,Defense,14,15,24,87
44905,Montravius Adams,NT,4,0,3,Montravius Adams,PIT,Defense,14,12,19,70
42031,Denico Autry,DE,4,3,6,Denico Autry,TEN,Defense,14,23,40,189
53503,Benjamin St-Juste,CB,24,5,6,Benjamin St-Juste,WAS,Defense,14,30,49,266
47878,Oshane Ximines,OLB,6,0,5,Oshane Ximines,NYG,Defense,14,10,24,97
37724,Chris Harris,CB,16,0,1,Chris Harris,NO,Defense,13,12,26,105
53502,Milton Williams,DT,4,0,5,Milton Williams,PHI,Defense,13,13,24,108
46290,Matthew Adams,OLB,3,1,3,Matthew Adams,CHI,Defense,13,5,9,33
44815,Solomon Thomas,DT,5,0,7,Solomon Thomas,NYJ,Defense,13,20,30,115
44823,Marshon Lattimore,CB,11,0,5,Marshon Lattimore,NO,Defense,13,17,32,165
44915,Trey Hendrickson,DE,10,1,6,Trey Hendrickson,CIN,Defense,13,22,50,219
37078,Patrick Peterson,CB,25,2,4,Patrick Peterson,MIN,Defense,13,29,55,295
47944,Charles Omenihu,DE,2,1,6,Charles Omenihu,SF,Defense,13,20,31,134
52495,Anfernee Jennings,OLB,6,1,7,Anfernee Jennings,NE,Defense,13,18,24,100
53668,Jonathon Cooper,OLB,6,1,4,Jonathon Cooper,DEN,Defense,13,7,16,57
54554,Terrel Bernard,OLB,6,1,8,Terrel Bernard,BUF,Defense,13,10,14,58
46087,Jaire Alexander,CB,18,4,5,Jaire Alexander,GB,Defense,13,21,41,246
42436,Henry Anderson,DE,6,0,6,Henry Anderson,CAR,Defense,13,20,24,79
43327,Xavien Howard,CB,18,5,6,Xavien Howard,MIA,Defense,13,18,40,257
52991,Myles Bryant,CB,20,1,12,Myles Bryant,NE,Defense,13,23,35,140
44929,Carl Lawson,DE,3,4,7,Carl Lawson,NYJ,Defense,13,20,37,185
46151,Tracy Walker,FS,9,1,8,Tracy Walker,DET,Defense,13,11,15,74
52538,James Lynch,NT,5,1,3,James Lynch,MIN,Defense,13,15,18,85
53618,Marlon Tuipulotu,DT,5,1,5,Marlon Tuipulotu,PHI,Defense,13,14,28,108
39997,Johnathan Hankins,NT,4,1,8,Johnathan Hankins,LV,Defense,13,11,21,78
52607,Jordan Fuller,SS,8,1,3,Jordan Fuller,LA,Defense,13,7,12,55
54615,Thomas Booker,DT,6,2,2,Thomas Booker,HOU,Defense,13,7,21,69
53458,Eric Stokes,CB,20,5,4,Eric Stokes,GB,Defense,13,27,50,281
43405,Hassan Ridgeway,DT,8,0,9,Hassan Ridgeway,SF,Defense,13,17,25,101
52641,Casey Toohill,DE,3,2,8,Casey Toohill,WAS,Defense,13,10,24,100
52647,Dane Jackson,CB,23,7,5,Dane Jackson,BUF,Defense,13,22,46,222
53455,Greg Newsome,CB,17,3,4,Greg Newsome,CLE,Defense,13,23,48,250
53540,Cam Sample,DE,5,1,2,Cameron Sample,CIN,Defense,13,17,28,108
42395,Jordan Phillips,DE,4,4,4,Jordan Phillips,BUF,Defense,12,10,25,104
48537,Carl Granderson,DE,9,0,6,Carl Granderson,NO,Defense,12,16,24,93
42559,Christian Covington,NT,2,1,5,Christian Covington,LAC,Defense,12,15,14,59
47890,Anthony Nelson,OLB,3,2,8,Anthony Nelson,TB,Defense,12,20,31,123
41336,Justin Ellis,DT,2,2,10,Justin Ellis,NYG,Defense,12,18,26,105
48032,Michael Dogbe,DE,6,2,6,Michael Dogbe,ARI,Defense,12,20,27,98
54639,Dominique Robinson,DE,8,1,2,Dominique Robinson,CHI,Defense,12,21,25,112
46127,Isaiah Oliver,CB,11,5,6,Isaiah Oliver,ATL,Defense,12,15,24,99
52459,Trevon Diggs,CB,22,2,4,Trevon Diggs,DAL,Defense,12,21,43,300
54541,Travis Jones,DT,7,0,2,Travis Jones,BAL,Defense,12,15,22,89
54606,Damarion Williams,CB,12,3,8,Damarion Williams,BAL,Defense,12,16,22,93
53490,Carlos Basham,DE,3,1,4,Carlos Basham,BUF,Defense,12,18,27,86
46141,Nathan Shepherd,DT,4,3,7,Nathan Shepherd,NYJ,Defense,12,23,28,105
40030,John Jenkins,NT,2,0,6,John Jenkins,MIA,Defense,12,10,17,67
53472,Trevon Moehrig,FS,12,2,7,Trevon Moehrig,LV,Defense,12,19,37,178
53457,Payton Turner,DE,4,0,4,Payton Turner,NO,Defense,12,7,12,61
46771,Abdullah Anderson,DE,6,3,4,Abdullah Anderson,ATL,Defense,12,14,22,94
52592,Bravvion Roy,DT,1,0,5,Bravvion Roy,CAR,Defense,12,12,16,65
44893,Fabian Moreau,CB,23,3,6,Fabian Moreau,NYG,Defense,12,19,36,159
43700,Jonathan Jones,CB,18,3,3,Jonathan Jones,NE,Defense,12,18,41,199
54644,Kingsley Enagbare,OLB,7,0,2,Kingsley Enagbare,GB,Defense,11,13,23,93
54611,Micah McFadden,ILB,9,2,4,Micah McFadden,NYG,Defense,11,13,17,68
54704,Rodney Thomas,FS,16,2,7,Rodney Thomas,IND,Defense,11,17,36,199
54568,Leo Chenal,OLB,5,4,5,Leo Chenal,KC,Defense,11,16,25,86
48241,Keisean Nixon,CB,7,0,2,Keisean Nixon,GB,Defense,11,8,18,75
54948,Marquan McCall,NT,3,0,6,Marquan McCall,CAR,Defense,11,13,22,76
48462,Kevin Strong,DE,5,0,4,Kevin Strong,TEN,Defense,11,13,25,76
37084,J.J. Watt,DE,7,1,4,J.J. Watt,ARI,Defense,11,22,44,225
52458,Jaylon Johnson,CB,11,3,3,Jaylon Johnson,CHI,Defense,11,18,39,203
53656,Israel Mukuamu,SS,8,0,3,Israel Mukuamu,DAL,Defense,11,5,13,59
48770,Marquise Copeland,DT,4,0,7,Marquise Copeland,LA,Defense,11,18,21,90
38548,Melvin Ingram,OLB,10,3,3,Melvin Ingram,MIA,Defense,11,20,38,149
53547,Chris Rumph,OLB,2,2,3,Chris Rumph,LAC,Defense,11,8,23,85
53535,Jay Tufele,DT,6,1,8,Jay Tufele,CIN,Defense,11,20,20,73
53533,Brandon Stephens,FS,12,2,3,Brandon Stephens,BAL,Defense,11,10,20,101
53513,Chauncey Golston,DE,3,1,2,Chauncey Golston,DAL,Defense,11,12,22,85
53505,Paulson Adebo,CB,26,7,4,Paulson Adebo,NO,Defense,11,22,34,167
53483,Dayo Odeyingbo,DE,4,2,4,Dayo Odeyingbo,IND,Defense,11,16,26,101
40031,Logan Ryan,FS,5,0,4,Logan Ryan,TB,Defense,11,8,20,78
53461,Joe Tryon,OLB,9,4,9,Joe Tryon,TB,Defense,11,31,54,229
52792,Tershawn Wharton,DT,3,1,4,Tershawn Wharton,KC,Defense,11,13,18,78
52613,Josh Metellus,SS,10,1,3,Josh Metellus,MIN,Defense,11,9,16,57
53599,Garret Wallow,OLB,4,2,4,Garret Wallow,HOU,Defense,11,11,20,69
44902,Shaquill Griffin,CB,24,5,6,Shaquill Griffin,JAX,Defense,11,18,39,187
46187,Anthony Averett,CB,12,2,1,Anthony Averett,LV,Defense,11,7,21,136
46144,Derrick Nnadi,DT,6,3,8,Derrick Nnadi,KC,Defense,11,27,35,131
45038,Isaac Rochell,DE,12,1,1,Isaac Rochell,CLE,Defense,11,17,19,81
44863,DeMarcus Walker,DE,6,1,3,DeMarcus Walker,TEN,Defense,11,18,27,83
46775,J.C. Jackson,CB,11,3,3,J.C. Jackson,LAC,Defense,11,19,30,135
42901,Dean Marlowe,SS,6,2,2,Dean Marlowe,ATL,Defense,11,14,22,83
43313,William Jackson,CB,13,2,2,William Jackson,WAS,Defense,11,12,24,103
47785,Nick Bosa,DE,8,1,4,Nick Bosa,SF,Defense,11,21,36,155
47787,Clelin Ferrell,DE,2,0,6,Clelin Ferrell,LV,Defense,11,16,27,116
44904,Jourdan Lewis,CB,16,3,9,Jourdan Lewis,DAL,Defense,11,24,43,172
43407,Juston Burris,SS,10,4,7,Juston Burris,CAR,Defense,10,14,29,103
43376,Nick Vigil,ILB,7,2,7,Nick Vigil,ARI,Defense,10,9,12,49
41363,Brent Urban,DE,3,2,6,Brent Urban,BAL,Defense,10,12,20,78
54470,Kayvon Thibodeaux,OLB,8,2,4,Kayvon Thibodeaux,NYG,Defense,10,18,31,145
54511,Josh Paschal,DT,4,0,3,Josh Paschal,DET,Defense,10,8,20,99
46686,Grant Haley,CB,6,3,5,Grant Haley,LA,Defense,10,10,13,67
44834,Charles Harris,OLB,8,0,4,Charles Harris,DET,Defense,10,18,34,126
35522,Corey Peters,DT,2,0,4,Corey Peters,JAX,Defense,10,12,20,65
54527,Bryan Cook,SS,6,2,6,Bryan Cook,KC,Defense,10,6,13,61
53561,Tommy Togiai,DT,4,1,2,Tommy Togiai,CLE,Defense,10,18,26,92
52539,Rashard Lawrence,NT,9,2,2,Rashard Lawrence,ARI,Defense,10,9,16,71
42346,Dante Fowler,OLB,8,2,2,Dante Fowler,DAL,Defense,10,13,19,93
47942,Byron Cowart,DT,2,0,3,Byron Cowart,IND,Defense,10,8,16,73
44878,Ahkello Witherspoon,CB,18,2,3,Ahkello Witherspoon,PIT,Defense,10,21,38,140
42361,Marcus Peters,CB,17,6,6,Marcus Peters,BAL,Defense,10,22,46,232
54618,Tariq Woolen,CB,23,3,6,Tariq Woolen,SEA,Defense,10,28,46,316
54671,Matt Henningsen,DE,7,0,3,Matt Henningsen,DEN,Defense,10,14,20,77
48473,Jonathan Ledbetter,DE,1,2,4,Jonathan Ledbetter,ARI,Defense,10,13,19,69
44871,Tanoh Kpassagnon,DE,7,1,6,Tanoh Kpassagnon,NO,Defense,10,18,21,95
54600,Joshua Williams,CB,10,3,3,Joshua Williams,KC,Defense,10,8,20,79
52594,Alohi Gilman,SS,9,2,5,Alohi Gilman,LAC,Defense,10,16,21,74
35454,Jason Pierre-Paul,DE,3,1,3,Jason Pierre-Paul,BAL,Defense,10,18,34,120
55032,Tomon Fox,OLB,9,2,5,Tomon Fox,NYG,Defense,10,15,15,70
39998,Jon Bostic,OLB,3,1,6,Jon Bostic,WAS,Defense,9,7,9,36
46232,Tim Settle,DT,2,2,4,Tim Settle,BUF,Defense,9,10,23,115
53537,Darren Hall,CB,11,1,5,Darren Hall,ATL,Defense,9,22,46,187
53498,Joseph Ossai,DE,1,0,5,Joseph Ossai,CIN,Defense,9,17,20,88
52475,Julian Okwara,OLB,6,0,6,Julian Okwara,DET,Defense,9,8,20,77
43388,Joe Schobert,ILB,7,1,3,Joe Schobert,TEN,Defense,9,6,8,30
46796,Demone Harris,DE,0,1,4,Demone Harris,HOU,Defense,9,5,11,43
46387,Kendal Vickers,DT,3,2,6,Kendal Vickers,LV,Defense,9,19,24,99
52512,Terrell Burgess,FS,8,1,4,Terrell Burgess,LA,Defense,9,7,13,51
40048,Akeem Spence,DT,3,2,3,Akeem Spence,SF,Defense,9,13,16,63
40166,Jordan Poyer,SS,15,3,6,Jordan Poyer,BUF,Defense,9,28,39,172
43352,Adam Gotsis,DE,4,2,4,Adam Gotsis,JAX,Defense,9,20,26,92
52697,James Pierre,CB,12,1,1,James Pierre,PIT,Defense,9,17,23,93
46700,Tre Herndon,CB,12,2,3,Tre Herndon,JAX,Defense,9,9,17,78
41257,Bradley Roby,CB,16,7,3,Bradley Roby,NO,Defense,9,15,33,187
43354,Carl Nassib,OLB,6,2,6,Carl Nassib,TB,Defense,9,11,22,86
47822,Sean Murphy-Bunting,CB,5,1,4,Sean Murphy-Bunting,TB,Defense,9,5,12,50
52490,Neville Gallimore,DT,7,1,3,Neville Gallimore,DAL,Defense,9,17,28,101
53534,Baron Browning,ILB,6,0,4,Baron Browning,DEN,Defense,9,20,33,139
53900,Naquan Jones,DT,3,0,5,Naquan Jones,TEN,Defense,9,14,15,55
54561,Nick Cross,SS,7,2,1,Nick Cross,IND,Defense,9,10,14,68
54529,Nik Bonitto,OLB,3,1,2,Nik Bonitto,DEN,Defense,9,11,18,76
54514,Alontae Taylor,CB,10,6,2,Alontae Taylor,NO,Defense,9,12,19,109
47934,Andrew Van Ginkel,OLB,9,3,5,Andrew Van Ginkel,MIA,Defense,9,18,17,68
54579,Dane Belton,FS,12,2,4,Dane Belton,NYG,Defense,9,16,23,83
54586,Jack Jones,CB,19,7,5,Jack Jones,NE,Defense,9,19,33,159
37087,Robert Quinn,OLB,3,1,1,Robert Quinn,CHI,Defense,9,16,35,175
46105,Shaquille Leonard,MLB,8,0,3,Shaquille Leonard,IND,Defense,9,11,9,45
54591,Neil Farrell,DT,2,1,4,Neil Farrell,LV,Defense,9,8,12,59
45033,Ifeadi Odenigbo,DE,2,0,3,Ifeadi Odenigbo,IND,Defense,9,6,20,80
43791,Morgan Fox,DE,4,0,4,Morgan Fox,LAC,Defense,9,14,29,118
53957,A.J. Parker,CB,10,0,2,A.J. Parker,DET,Defense,9,11,16,76
41599,Joe Thomas,ILB,5,4,9,Joe Thomas,CHI,Defense,9,15,15,70
41227,Jadeveon Clowney,DE,5,1,5,Jadeveon Clowney,CLE,Defense,9,10,21,96
53642,Rachad Wildgoose,CB,9,4,4,Rachad Wildgoose,WAS,Defense,9,14,21,100
55045,Kurt Hinish,DT,4,0,3,Kurt Hinish,HOU,Defense,9,14,30,120
43522,Jalen Mills,CB,20,3,5,Jalen Mills,NE,Defense,9,19,46,188
38589,Vinny Curry,DE,5,2,2,Vinny Curry,NYJ,Defense,9,8,13,48
54549,DeMarvin Leal,DE,5,2,5,DeMarvin Leal,PIT,Defense,9,9,13,49
54632,Daron Bland,CB,5,3,2,Daron Bland,DAL,Defense,8,9,14,53
44906,Cameron Sutton,CB,19,4,1,Cameron Sutton,PIT,Defense,8,18,38,234
45352,Austin Calitro,ILB,3,0,5,Austin Calitro,NYG,Defense,8,7,9,34
53564,Rashad Weaver,OLB,4,5,3,Rashad Weaver,TEN,Defense,8,21,35,164
54547,DeAngelo Malone,OLB,5,0,1,DeAngelo Malone,ATL,Defense,8,9,15,47
37075,Von Miller,OLB,8,3,1,Von Miller,BUF,Defense,8,14,29,176
38592,Casey Hayward,CB,13,5,3,Casey Hayward,ATL,Defense,8,13,32,202
53451,Caleb Farley,CB,9,3,1,Caleb Farley,TEN,Defense,8,4,12,66
54491,Jermaine Johnson,DE,7,0,3,Jermaine Johnson,NYJ,Defense,8,14,16,66
46148,Rasheem Green,DE,14,2,3,Rasheem Green,HOU,Defense,8,22,32,143
46156,Arden Key,OLB,5,1,2,Arden Key,JAX,Defense,8,11,19,96
46229,Ogbonnia Okoronkwo,DE,7,2,4,Ogbonnia Okoronkwo,HOU,Defense,8,19,22,107
52980,Juju Hughes,FS,11,3,4,Juju Hughes,DET,Defense,8,17,20,89
42365,Bud Dupree,OLB,2,0,3,Bud Dupree,TEN,Defense,8,13,23,110
52518,Darnay Holmes,CB,10,2,6,Darnay Holmes,NYG,Defense,8,16,32,136
42406,Frank Clark,DE,7,5,5,Frank Clark,KC,Defense,8,22,32,178
42403,Randy Gregory,DE,5,1,3,Randy Gregory,DEN,Defense,8,15,21,82
47900,Austin Bryant,OLB,4,2,1,Austin Bryant,DET,Defense,8,7,15,69
48268,Azeez Al-Shaair,ILB,4,2,6,Azeez Al-Shaair,SF,Defense,8,5,8,32
43308,Shaq Lawson,DE,6,2,3,Shaq Lawson,BUF,Defense,8,11,23,95
47792,Ed Oliver,DT,4,1,5,Ed Oliver,BUF,Defense,8,16,21,75
42433,Carl Davis,NT,2,2,3,Carl Davis,NE,Defense,8,14,19,81
46312,Keion Crossen,CB,4,3,4,Keion Crossen,MIA,Defense,7,13,20,71
54688,Isaiah Thomas,DE,2,1,4,Isaiah Thomas,CLE,Defense,7,9,13,49
54521,Sam Williams,DE,6,0,0,Sam Williams,DAL,Defense,7,7,16,62
54778,Jaylon Jones,CB,12,2,5,Jaylon Jones,CHI,Defense,7,8,20,84
52863,Krys Barnes,ILB,4,0,4,Krys Barnes,GB,Defense,7,4,3,22
42816,Troy Hill,CB,10,1,7,Troy Hill,LA,Defense,7,18,24,103
42393,Ronald Darby,CB,12,3,2,Ronald Darby,DEN,Defense,7,7,22,149
35449,Tyson Alualu,NT,4,1,4,Tyson Alualu,PIT,Defense,7,20,29,107
47832,Ben Banogu,DE,1,1,1,Ben Banogu,IND,Defense,7,2,8,29
43694,Michael Pierce,NT,5,0,2,Michael Pierce,BAL,Defense,7,5,11,54
46073,Denzel Ward,CB,18,4,2,Denzel Ward,CLE,Defense,7,14,27,145
47915,Ugochukwu Amadi,FS,4,2,1,Ugochukwu Amadi,TEN,Defense,7,5,10,36
53595,Keith Taylor,CB,13,1,1,Keith Taylor,CAR,Defense,7,8,19,90
48520,Anthony Rush,DT,3,0,4,Anthony Rush,ATL,Defense,7,11,14,56
44842,T.J. Watt,OLB,5,0,0,T.J. Watt,PIT,Defense,7,4,8,36
46159,Deadrin Senat,DT,7,3,5,Deadrin Senat,TB,Defense,7,17,15,68
43780,Brandin Bryant,DT,1,0,2,Brandin Bryant,BUF,Defense,7,8,11,44
46122,M.J. Stewart,SS,6,1,3,M.J. Stewart,HOU,Defense,7,6,4,26
53649,Isaiah McDuffie,ILB,6,1,2,Isaiah McDuffie,GB,Defense,6,7,8,30
46278,Cornell Armstrong,CB,15,1,6,Cornell Armstrong,ATL,Defense,6,18,31,122
46114,Josh Jackson,CB,5,0,2,Josh Jackson,PIT,Defense,6,4,12,51
43358,Yannick Ngakoue,DE,6,4,5,Yannick Ngakoue,IND,Defense,6,32,50,232
44922,Jaleel Johnson,DT,2,1,1,Jaleel Johnson,HOU,Defense,6,9,11,42
44955,Carlos Watkins,DE,2,1,4,Carlos Watkins,DAL,Defense,6,6,8,32
47940,Blake Cashman,ILB,2,0,1,Blake Cashman,HOU,Defense,6,10,9,33
46255,Jake Martin,DE,2,2,4,Jacob Martin,NYJ,Defense,6,12,18,77
46253,Marcell Harris,OLB,5,3,4,Marcell Harris,NYJ,Defense,6,8,8,38
52468,Josh Uche,OLB,6,0,1,Josh Uche,NE,Defense,6,4,9,46
54641,Damone Clark,ILB,0,0,4,Damone Clark,DAL,Defense,6,2,5,21
54552,Cameron Thomas,OLB,2,0,7,Cameron Thomas,ARI,Defense,6,7,12,49
54622,Zyon McCollum,CB,8,4,2,Zyon McCollum,TB,Defense,6,12,17,85
42771,Neville Hewitt,ILB,3,0,1,Neville Hewitt,HOU,Defense,6,7,2,17
47862,David Long,CB,10,4,3,David Long,LA,Defense,6,9,17,83
43455,D.J. Reader,NT,7,0,2,D.J. Reader,CIN,Defense,6,13,15,55
53712,Michael Dwumfour,DT,2,1,0,Michael Dwumfour,HOU,Defense,6,4,11,67
53675,Shaka Toney,DE,3,0,1,Shaka Toney,WAS,Defense,6,2,3,23
38544,Michael Brockers,DE,1,0,3,Michael Brockers,DET,Defense,6,7,15,66
54573,Perrion Winfrey,DT,1,1,4,Perrion Winfrey,CLE,Defense,6,15,19,72
54493,Devonte Wyatt,DT,3,0,3,Devonte Wyatt,GB,Defense,6,5,9,40
53674,Tre Norwood,FS,15,6,3,Tre Norwood,PIT,Defense,6,16,27,122
52498,Jonathan Greenard,DE,4,3,2,Jonathan Greenard,HOU,Defense,6,10,19,90
53050,Domenique Davis,DT,0,0,3,Domenique Davis,CIN,Defense,6,2,7,20
52535,K'Von Wallace,SS,3,0,3,K'Von Wallace,PHI,Defense,6,2,6,22
46841,Matt Dickerson,DT,3,1,3,Matt Dickerson,ATL,Defense,6,3,7,31
46823,Mike Ford,CB,4,1,5,Mike Ford,ATL,Defense,6,10,17,54
52623,Markus Bailey,ILB,6,1,4,Markus Bailey,CIN,Defense,6,9,9,34
48581,Roderic Teamer,SS,6,1,3,Roderic Teamer,LV,Defense,6,3,8,45
52665,Malcolm Roach,DT,3,4,5,Malcolm Roach,NO,Defense,6,9,13,67
46699,Dee Delaney,CB,6,3,2,Dee Delaney,TB,Defense,6,10,14,56
52848,Myles Adams,DE,0,0,4,Myles Adams,SEA,Defense,6,8,15,49
48117,Demetrius Flannigan-Fowles,OLB,4,1,0,Demetrius Flannigan-Fowles,SF,Defense,6,8,9,38
54677,Derion Kendrick,CB,21,3,4,Derion Kendrick,LA,Defense,6,16,41,202
46657,Dennis Gardeck,OLB,9,2,3,Dennis Gardeck,ARI,Defense,6,13,15,65
54498,Logan Hall,DE,4,0,2,Logan Hall,TB,Defense,6,14,22,110
52272,Dee Alford,CB,10,2,3,Dee Alford,ATL,Defense,5,13,21,80
54612,D.J. Davidson,DT,2,1,2,D.J. Davidson,NYG,Defense,5,6,9,31
46729,Brandon Facyson,CB,9,1,1,Brandon Facyson,IND,Defense,5,16,26,130
54526,Drake Jackson,DE,5,1,3,Drake Jackson,SF,Defense,5,13,19,83
46674,Ezekiel Turner,ILB,2,0,1,Ezekiel Turner,ARI,Defense,5,2,4,11
53519,Patrick Jones,OLB,2,0,2,Patrick Jones,MIN,Defense,5,11,16,66
46543,Henry Mondeaux,DT,1,0,4,Henry Mondeaux,NYG,Defense,5,4,7,24
52619,Isaiah Rodgers,CB,12,0,6,Isaiah Rodgers,IND,Defense,5,15,21,127
42421,P.J. Williams,CB,7,0,4,P.J. Williams,NO,Defense,5,14,23,84
54583,Akayleb Evans,CB,7,1,2,Akayleb Evans,MIN,Defense,5,5,11,45
54525,Cam Taylor-Britt,CB,9,1,1,Cam Taylor-Britt,CIN,Defense,5,14,26,89
54581,Eyioma Uwazurike,DE,0,0,3,Eyioma Uwazurike,DEN,Defense,5,2,6,21
54781,Jack Sanborn,ILB,7,0,2,Jack Sanborn,CHI,Defense,5,5,7,29
47829,Greedy Williams,CB,3,0,2,Greedy Williams,CLE,Defense,5,2,6,34
43341,Deion Jones,ILB,6,2,3,Deion Jones,CLE,Defense,5,9,11,44
35452,Brandon Graham,DE,6,1,6,Brandon Graham,PHI,Defense,5,14,19,101
46162,Ronnie Harrison,SS,7,3,1,Ronnie Harrison,CLE,Defense,5,9,11,62
52971,Jamir Jones,OLB,3,0,1,Jamir Jones,PIT,Defense,5,6,8,27
46504,Daniel Ekuale,DT,4,1,1,Daniel Ekuale,NE,Defense,5,8,12,58
46329,Danny Johnson,CB,2,0,2,Danny Johnson,WAS,Defense,5,5,7,25
48566,Daniel Wise,DE,0,0,2,Daniel Wise,WAS,Defense,5,6,10,39
54650,Christian Benford,CB,7,2,3,Christian Benford,BUF,Defense,5,7,16,116
52913,Bobby Price,FS,2,0,1,Bobby Price,DET,Defense,5,4,4,25
38619,Akiem Hicks,DT,2,0,3,Akiem Hicks,TB,Defense,4,6,12,47
41256,Jimmie Ward,FS,4,1,3,Jimmie Ward,SF,Defense,4,8,14,57
54531,Brian Asamoah,ILB,1,0,0,Brian Asamoah,MIN,Defense,4,0,1,6
46958,Chris Board,ILB,6,2,0,Chris Board,DET,Defense,4,3,9,40
42378,Mario Edwards,DT,3,0,1,Mario Edwards,TEN,Defense,4,8,15,92
42444,Trey Flowers,OLB,1,2,3,Trey Flowers,MIA,Defense,4,5,11,39
54584,Jalyn Armour-Davis,CB,3,2,2,Jalyn Armour-Davis,BAL,Defense,4,1,6,30
55239,Prince Emili,DT,0,0,3,Prince Emili,BUF,Defense,4,2,7,19
52650,Jonathan Garvin,OLB,0,0,4,Jonathan Garvin,GB,Defense,4,5,12,47
52462,A.J. Epenesa,DE,1,5,1,A.J. Epenesa,BUF,Defense,4,13,27,101
48308,Jonathan Kongbo,DE,1,0,0,Jonathan Kongbo,DEN,Defense,4,5,7,29
47837,Lonnie Johnson,CB,2,0,1,Lonnie Johnson,TEN,Defense,4,5,9,36
47918,John Cominsky,DT,1,1,3,John Cominsky,DET,Defense,4,9,11,57
43395,Eric Murray,FS,5,1,2,Eric Murray,HOU,Defense,4,7,6,34
38707,Justin Bethel,FS,6,1,3,Justin Bethel,MIA,Defense,4,5,11,41
53479,Azeez Ojulari,OLB,1,1,1,Azeez Ojulari,NYG,Defense,4,5,11,33
53508,Malcolm Koonce,DE,3,1,1,Malcolm Koonce,LV,Defense,4,5,7,20
52743,Benito Jones,DT,2,1,2,Benito Jones,DET,Defense,4,11,16,76
54546,Cordale Flott,CB,4,3,1,Cordale Flott,NYG,Defense,4,7,10,36
37841,Mario Addison,DE,1,1,2,Mario Addison,HOU,Defense,4,7,14,70
46215,Tre Flowers,CB,11,0,2,Tre Flowers,CIN,Defense,4,6,9,47
52662,Derrek Tuszka,OLB,4,1,2,Derrek Tuszka,LAC,Defense,4,7,9,30
52493,Julian Blackmon,FS,5,0,2,Julian Blackmon,IND,Defense,4,12,22,138
46074,Bradley Chubb,OLB,11,6,11,Bradley Chubb,MIA,Defense,3,6,7,29
44174,Sam Eguavoen,ILB,2,0,1,Sam Eguavoen,MIA,Defense,3,2,3,11
53663,Patrick Johnson,ILB,2,1,0,Patrick Johnson,PHI,Defense,3,7,11,55
43986,Antonio Hamilton,CB,10,3,1,Antonio Hamilton,ARI,Defense,3,3,8,47
53661,Phil Hoskins,DT,1,0,1,Phil Hoskins,CAR,Defense,3,2,4,14
52545,Josiah Scott,CB,3,2,3,Josiah Scott,PHI,Defense,3,5,13,65
41947,Christian Jones,ILB,1,1,1,Christian Jones,SEA,Defense,3,3,4,14
44838,Takkarist McKinley,DE,0,0,1,Takkarist McKinley,LA,Defense,3,0,3,12
52422,Javon Kinlaw,DT,1,1,0,Javon Kinlaw,SF,Defense,3,8,10,44
43938,Antwaun Woods,DT,2,0,0,Antwaun Woods,ARI,Defense,3,0,3,8
53854,Nick McCloud,CB,4,0,1,Nick McCloud,NYG,Defense,3,3,11,32
53887,Malik Herring,DE,1,1,4,Malik Herring,KC,Defense,3,7,12,42
53894,Marvin Wilson,DT,2,1,2,Marvin Wilson,PHI,Defense,3,5,3,13
54496,Dax Hill,FS,2,0,0,Daxton Hill,CIN,Defense,3,4,9,26
48588,Jordan Kunaszyk,MLB,1,0,1,Jordan Kunaszyk,CLE,Defense,3,3,2,9
52428,K'Lavon Chaisson,OLB,1,1,1,K'Lavon Chaisson,JAX,Defense,3,2,4,16
37145,Justin Houston,OLB,2,1,2,Justin Houston,BAL,Defense,3,5,12,75
46077,Roquan Smith,ILB,50,7,32,Roquan Smith,BAL,Defense,3,6,6,21
54565,Myjai Sanders,OLB,1,1,1,Myjai Sanders,ARI,Defense,3,3,4,29
42827,Justin Coleman,CB,3,2,2,Justin Coleman,SEA,Defense,3,4,6,25
53500,Aaron Robinson,CB,5,0,0,Aaron Robinson,NYG,Defense,3,4,10,43
42512,David Mayo,MLB,1,0,1,David Mayo,WAS,Defense,3,7,8,23
39997,Johnathan Hankins,NT,4,1,8,Johnathan Hankins,DAL,Defense,3,5,5,16
54696,Baylon Spector,OLB,3,1,0,Baylon Spector,BUF,Defense,3,2,2,7
54721,Jesse Luketa,OLB,1,1,0,Jesse Luketa,ARI,Defense,3,2,4,13
40095,Steven Means,OLB,1,0,1,Steven Means,BAL,Defense,3,1,5,15
40096,A.J. Klein,OLB,3,2,1,A.J. Klein,BAL,Defense,3,4,4,13
54827,Joshua Onujiogu,DE,1,0,1,Joshua Onujiogu,SEA,Defense,3,0,1,5
46680,Sean Chandler,SS,5,0,2,Sean Chandler,CAR,Defense,3,5,11,39
52945,Jace Whittaker,CB,6,4,2,Jace Whittaker,ARI,Defense,3,9,16,61
55016,Kingsley Jonathan,DE,1,0,1,Kingsley Jonathan,CHI,Defense,3,2,4,15
52846,Jonah Williams,DT,0,0,1,Jonah Williams,LA,Defense,3,4,4,14
52797,Joe Bachie,OLB,2,0,1,Joe Bachie,CIN,Defense,3,2,1,7
55104,Sam Webb,CB,0,0,2,Sam Webb,LV,Defense,3,4,7,29
48008,Darryl Johnson,OLB,1,0,2,Darryl Johnson,SEA,Defense,3,5,7,31
52585,Michael Danna,DE,1,1,6,Michael Danna,KC,Defense,3,15,15,75
55240,Ja'Marcus Ingram,CB,2,0,1,Ja'Marcus Ingram,BUF,Defense,3,3,7,23
41361,Kevin Pierre-Louis,OLB,0,2,2,Kevin Pierre-Louis,HOU,Defense,3,2,5,18
44880,Dawuane Smoot,DE,3,3,2,Dawuane Smoot,JAX,Defense,3,12,22,100
42360,Arik Armstead,DT,3,0,1,Arik Armstead,SF,Defense,3,8,9,40
54607,Cobie Durant,CB,0,1,1,Decobie Durant,LA,Defense,3,1,3,12
38545,Bruce Irvin,OLB,3,1,2,Bruce Irvin,SEA,Defense,3,6,12,54
46164,Tarvarius Moore,SS,3,0,1,Tarvarius Moore,SF,Defense,3,2,2,10
43534,Clayton Fejedelem,SS,3,0,1,Clayton Fejedelem,MIA,Defense,3,1,4,10
53587,Daviyon Nixon,DT,1,0,3,Daviyon Nixon,CAR,Defense,3,4,8,29
38852,Michael Thomas,SS,1,0,1,Michael Thomas,CIN,Defense,3,0,3,11
53585,Isaiahh Loudermilk,DE,3,1,2,Isaiahh Loudermilk,PIT,Defense,3,7,9,43
48495,Tae Hayes,CB,2,0,1,Tae Hayes,CAR,Defense,3,4,5,22
45215,Eric Wilson,OLB,1,0,1,Eric Wilson,GB,Defense,3,2,2,12
52456,Darrell Taylor,OLB,9,3,0,Darrell Taylor,SEA,Defense,3,25,32,147
52438,Noah Igbinoghene,CB,8,1,1,Noah Igbinoghene,MIA,Defense,3,4,10,89
54535,Chad Muma,ILB,0,1,1,Chad Muma,JAX,Defense,3,4,4,21
44861,Ryan Anderson,OLB,1,0,0,Ryan Anderson,PIT,Defense,2,2,4,15
55181,Tre Avery,CB,3,0,0,Tre Avery,TEN,Defense,2,0,2,11
55175,Nate Landman,ILB,0,0,1,Nate Landman,ATL,Defense,2,1,2,9
55190,Sam Okuayinonu,DE,1,0,0,Sam Okuayinonu,TEN,Defense,2,4,5,21
55200,Ryder Anderson,DT,1,0,0,Ryder Anderson,NYG,Defense,2,1,3,7
54567,Channing Tindall,ILB,0,2,2,Channing Tindall,MIA,Defense,2,1,1,4
54550,Marcus Jones,CB,3,1,1,Marcus Jones,NE,Defense,2,5,7,30
44855,Sidney Jones,CB,3,0,1,Sidney Jones,SEA,Defense,2,3,4,14
55105,Luke Masterson,OLB,0,0,2,Luke Masterson,LV,Defense,2,1,1,10
54939,Ben Stille,DT,0,0,2,Ben Stille,MIA,Defense,2,2,1,5
54702,Chase Lucas,CB,1,0,0,Chase Lucas,DET,Defense,2,1,2,4
54665,Sam Roberts,DT,1,0,1,Sam Roberts,NE,Defense,2,3,6,19
54624,Eric Johnson,DT,0,1,0,Eric Johnson,IND,Defense,2,7,6,28
48301,Jalen Dalton,DT,2,0,2,Jalen Dalton,ATL,Defense,2,5,9,21
54646,Kyron Johnson,OLB,0,0,1,Kyron Johnson,PHI,Defense,2,2,2,6
54637,Samuel Womack,CB,3,0,2,Samuel Womack,SF,Defense,2,10,13,51
52540,Troy Dye,ILB,0,0,1,Troy Dye,MIN,Defense,2,1,1,4
55241,C.J. Brewer,DT,2,0,0,C.J. Brewer,BUF,Defense,2,3,4,14
41403,Devon Kennard,OLB,5,1,2,Devon Kennard,ARI,Defense,2,7,12,54
39908,Erik Harris,FS,4,0,3,Erik Harris,ATL,Defense,2,5,5,19
48013,Quinton Bell,OLB,1,0,1,Quinton Bell,ATL,Defense,2,2,5,23
39941,Chris Banjo,FS,1,0,0,Chris Banjo,ARI,Defense,2,2,4,15
53552,Zech McPhearson,CB,2,0,0,Zech McPhearson,PHI,Defense,2,7,9,39
53473,Kelvin Joseph,CB,0,0,1,Kelvin Joseph,DAL,Defense,2,0,2,9
46378,J.T. Gray,SS,0,0,1,J.T. Gray,NO,Defense,2,1,2,11
46407,Chris Lammons,CB,2,0,1,Chris Lammons,KC,Defense,2,0,4,10
46457,Olasunkanmi Adeniyi,OLB,0,1,1,Olasunkanmi Adeniyi,TEN,Defense,2,2,5,24
46501,Elijah Campbell,CB,1,0,2,Elijah Campbell,MIA,Defense,2,4,3,11
46618,Taylor Stallworth,DT,1,0,1,Taylor Stallworth,KC,Defense,2,1,2,11
52482,Zack Baun,OLB,1,1,1,Zack Baun,NO,Defense,2,3,3,16
52448,Ross Blacklock,DT,1,4,0,Ross Blacklock,MIN,Defense,2,5,9,44
40107,Micah Hyde,FS,4,1,3,Micah Hyde,BUF,Defense,2,7,12,61
41403,Devon Kennard,OLB,5,1,2,Devon Kennard,BAL,Defense,2,3,4,15
46223,Siran Neal,CB,2,2,2,Siran Neal,BUF,Defense,2,2,3,22
40737,Tony Jefferson,SS,3,0,1,Tony Jefferson,NYG,Defense,2,2,4,12
43292,Joey Bosa,OLB,4,0,0,Joey Bosa,LAC,Defense,2,10,15,61
41240,Kyle Fuller,CB,3,1,0,Kyle Fuller,BAL,Defense,2,2,5,41
53645,Quincy Roche,OLB,0,0,1,Quincy Roche,NYG,Defense,2,0,2,4
53629,Brandin Echols,CB,2,0,1,Brandin Echols,NYJ,Defense,2,1,4,19
48145,Wyatt Ray,DE,1,0,0,Wyatt Ray,TEN,Defense,1,1,2,9
40463,Brandon Copeland,OLB,1,0,3,Brandon Copeland,BAL,Defense,1,5,8,26
54654,Amare Barno,OLB,2,0,0,Amare Barno,CAR,Defense,1,3,3,9
52662,Derrek Tuszka,OLB,4,1,2,Derrek Tuszka,TEN,Defense,1,4,3,11
55043,Jake Hansen,OLB,0,1,2,Jake Hansen,HOU,Defense,1,1,1,4
54687,Montaric Brown,CB,1,1,1,Montaric Brown,JAX,Defense,1,4,4,14
42376,Landon Collins,SS,1,0,0,Landon Collins,NYG,Defense,1,3,3,8
46672,Tavierre Thomas,CB,0,1,1,Tavierre Thomas,HOU,Defense,1,0,3,8
54937,Verone McKinley,SS,2,0,0,Verone McKinley,MIA,Defense,1,2,9,34
54705,Christian Holmes,CB,1,0,0,Christian Holmes,WAS,Defense,1,0,1,3
46630,Jalen Davis,CB,0,0,1,Jalen Davis,CIN,Defense,1,3,8,24
54709,Christian Matthew,CB,0,0,2,Christian Matthew,ARI,Defense,1,1,1,3
53059,Kristian Welch,ILB,1,0,0,Kristian Welch,BAL,Defense,1,1,1,3
54733,Donovan Jeter,NT,1,0,0,Donovan Jeter,WAS,Defense,1,2,3,11
54640,Matthew Butler,DT,1,0,2,Matthew Butler,LV,Defense,1,7,7,20
54758,De'Shaan Dixon,OLB,0,0,1,De'Shaan Dixon,JAX,Defense,1,1,1,3
46649,Jeremy Reaves,FS,1,0,1,Jeremy Reaves,WAS,Defense,1,3,3,16
53053,Bryce Huff,DE,1,0,0,Bryce Huff,NYJ,Defense,1,1,6,38
48780,Troy Reeder,ILB,0,0,1,Troy Reeder,LAC,Defense,1,0,1,2
54578,Percy Butler,FS,0,0,1,Percy Butler,WAS,Defense,1,3,3,12
48487,Cameron Lewis,CB,2,0,0,Cameron Lewis,BUF,Defense,1,1,2,9
48555,Luke Gifford,OLB,0,0,1,Luke Gifford,DAL,Defense,1,0,1,1
46121,Kemoko Turay,DE,1,0,0,Kemoko Turay,SF,Defense,1,4,5,22
53716,Milo Eifler,OLB,1,0,0,Milo Eifler,WAS,Defense,1,0,1,3
53679,Khyiris Tonga,NT,1,1,0,Khyiris Tonga,MIN,Defense,1,6,8,23
42553,Christian Ringo,DT,0,1,1,Christian Ringo,NO,Defense,1,5,6,17
48508,Andrew Wingard,FS,1,0,0,Andrew Wingard,JAX,Defense,1,0,1,4
45063,Pat O'Connor,DE,0,1,1,Pat O'Connor,TB,Defense,1,4,6,17
45045,Elijah Lee,OLB,0,1,0,Elijah Lee,KC,Defense,1,2,2,4
53589,Shaun Wade,CB,1,0,0,Shaun Wade,NE,Defense,1,0,1,4
48500,Saivion Smith,CB,0,0,1,Saivion Smith,DET,Defense,1,0,1,2
43508,Will Parks,FS,3,0,0,Will Parks,NYJ,Defense,1,2,5,17
44937,Jalen Reeves-Maybin,OLB,1,1,2,Jalen Reeves-Maybin,HOU,Defense,1,5,3,18
53575,Jamien Sherwood,ILB,2,0,0,Jamien Sherwood,NYJ,Defense,1,1,1,5
47866,Justin Layne,CB,2,0,0,Justin Layne,NYG,Defense,1,1,1,6
48454,C.J. Moore,FS,0,0,1,C.J. Moore,DET,Defense,1,3,3,10
48447,P.J. Locke,FS,3,0,2,P.J. Locke,DEN,Defense,1,3,3,10
53582,Tony Fields,OLB,1,0,0,Tony Fields,CLE,Defense,0,1,1,2
47823,Trayvon Mullen,CB,1,1,1,Trayvon Mullen,ARI,Defense,0,2,3,9
52904,Elijah Riley,CB,1,0,0,Elijah Riley,PIT,Defense,0,1,2,3
41279,Jeremiah Attaochu,OLB,2,0,0,Jeremiah Attaochu,BAL,Defense,0,1,2,5
52764,Essang Bassey,CB,0,1,1,Essang Bassey,DEN,Defense,0,2,5,12
55149,Markquese Bell,FS,1,0,0,Markquese Bell,DAL,Defense,0,2,2,6
52651,Chris Jackson,CB,1,0,0,Chris Jackson,TEN,Defense,0,1,2,8
37792,Nick Bellore,ILB,0,0,1,Nick Bellore,SEA,Defense,0,1,1,3
53883,Dicaprio Bootle,CB,0,0,1,Dicaprio Bootle,KC,Defense,0,1,1,5
41358,Dontae Johnson,CB,0,0,1,Dontae Johnson,SF,Defense,0,4,4,13
44818,Jamal Adams,SS,3,0,0,Jamal Adams,SEA,Defense,0,1,1,8
54486,Trent McDuffie,CB,2,1,1,Trent McDuffie,KC,Defense,0,6,8,41
37087,Robert Quinn,OLB,3,1,1,Robert Quinn,PHI,Defense,0,1,1,12
53953,Jerry Jacobs,CB,4,0,1,Jerry Jacobs,DET,Defense,0,4,7,21
52932,Ladarius Hamilton,OLB,0,1,0,Ladarius Hamilton,GB,Defense,0,1,3,12
55030,Demetrius Taylor,DT,0,1,0,Demetrius Taylor,DET,Defense,0,1,2,7
54949,Arron Mosby,OLB,1,0,0,Arron Mosby,CAR,Defense,0,0,0,1
46219,Genard Avery,DE,1,1,0,Genard Avery,TB,Defense,0,1,3,8
53545,Elerson Smith,OLB,0,1,1,Elerson Smith,NYG,Defense,0,2,2,6
53669,William Bradley-King,DE,1,0,0,William Bradley-King,WAS,Defense,0,2,2,11
43413,Deon Bush,SS,3,0,1,Deon Bush,KC,Defense,0,6,5,23
43616,Matthias Farley,FS,1,0,0,Matthias Farley,LV,Defense,0,1,1,2
53531,Ambry Thomas,CB,3,0,0,Ambry Thomas,SF,Defense,0,1,2,10
54750,Keir Thomas,OLB,0,1,0,Keir Thomas,LA,Defense,0,0,1,2
41279,Jeremiah Attaochu,OLB,2,0,0,Jeremiah Attaochu,LAC,Defense,0,0,1,2
53559,Robert Rochell,CB,1,0,0,Robert Rochell,LA,Defense,0,1,2,12
54585,Brandon Smith,ILB,0,1,0,Brandon Smith,CAR,Defense,0,1,2,5
53530,Ifeatu Melifonwu,CB,1,0,0,Ifeatu Melifonwu,DET,Defense,0,2,2,5
